first_name,last_name,phone,email,password,active,date_created,hire_date,user_type
Carmine,Voisey,450-522-5350,cvoisey0@lycos.com,p3VIcc0DANiF,1,2022-09-23,2023-03-07,1
Marten,Dreossi,481-902-9588,mdreossi1@studiopress.com,eFvzhT,1,2022-06-05,2022-04-28,1
Brig,Chadwick,295-737-3353,bchadwick2@ezinearticles.com,UJ6gr4a3n,1,2022-07-25,2022-05-24,1
Arluene,Lande,825-617-3738,alande3@examiner.com,aWaoJ0jkFmxg,1,2022-08-20,2023-03-13,0
Nat,Jeness,222-537-0211,njeness4@harvard.edu,U1JnxXwfj,1,2022-12-30,2022-09-29,0
Babb,Blaske,556-364-1204,bblaske5@godaddy.com,gWflcLLwMNkp,1,2022-04-25,2022-11-06,0
Kaspar,Elby,712-799-8816,kelby6@mozilla.com,Ss64h0fmDg,1,2022-09-20,2023-02-17,0
Neilla,Waine,628-422-0060,nwaine7@4shared.com,tgNUxBgA,1,2022-09-15,2023-02-11,0
Lonnie,Cesconi,474-762-6718,lcesconi8@wp.com,1GnYCIiVLIo,1,2022-08-13,2023-03-28,0
Mariya,Domnick,631-877-3964,mdomnick9@columbia.edu,CYqitgUJ9,1,2022-11-06,2023-04-01,0
Lina,Fishleigh,717-505-2207,lfishleigha@skype.com,i0BWW4Adm,1,2022-12-03,2022-08-13,0
Oran,Ferguson,119-710-2754,ofergusonb@dagondesign.com,tkkv66MNkx,1,2022-08-13,2022-07-25,0
Jolie,Drillot,124-314-3892,jdrillotc@ezinearticles.com,rxf22Roh,1,2022-11-20,2022-10-13,0
Janith,Ashfull,981-446-5713,jashfulld@deliciousdays.com,ZXxtXMQ8Mi0,1,2022-06-10,2023-01-28,0
Don,Bulloch,869-914-6664,dbulloche@fema.gov,8GMUbB4AX,1,2022-11-19,2022-08-09,0
Murielle,Balchen,858-152-2215,mbalchenf@icq.com,IebIJBgaX,1,2022-06-26,2023-01-04,0
Daisi,Klimshuk,223-975-7234,dklimshukg@xing.com,R0zgd8Xl,1,2022-12-26,2022-07-09,0
Corney,Romanetti,833-192-9489,cromanettih@google.fr,OVsYapA,1,2023-02-22,2022-05-13,0
Robinetta,Easdon,456-470-3506,reasdoni@wsj.com,agp1MeytlYP,1,2022-12-16,2023-03-04,0
Rockwell,Chipps,176-871-8130,rchippsj@gnu.org,IH9PBz,1,2022-08-14,2022-09-24,0
